{
  "Horse_seen": {
    "W": 48,
    "Jv": 79,
    "mpjpe": 0.0469510443508625,
    "maxjpe": 0.17599207162857056,
    "mpjpe_pct_extent": 3.338296069978332,
    "gt_dyn_std": 0.019323188811540604,
    "pred_dyn_std": 0.019937342032790184,
    "dyn_ratio": 1.031783223112884,
    "gt_vel": 0.006789237726479769,
    "pred_vel": 0.007562232669442892,
    "vel_ratio": 1.1138559252312294,
    "extent": 1.4064373970031738,
    "fk_selfcheck_maxerr": 2.384185791015625e-07,
    "group": "seen",
    "species": "Horse"
  },
  "Eagle_seen": {
    "W": 48,
    "Jv": 52,
    "mpjpe": 0.028803996741771698,
    "maxjpe": 0.16834692656993866,
    "mpjpe_pct_extent": 1.2112513681538792,
    "gt_dyn_std": 0.04634995013475418,
    "pred_dyn_std": 0.04892447963356972,
    "dyn_ratio": 1.055545464263296,
    "gt_vel": 0.010213188827037811,
    "pred_vel": 0.010211127810180187,
    "vel_ratio": 0.9997982004550657,
    "extent": 2.3780362606048584,
    "fk_selfcheck_maxerr": 2.384185791015625e-07,
    "group": "seen",
    "species": "Eagle"
  },
  "Trex_seen": {
    "W": 48,
    "Jv": 61,
    "mpjpe": 0.05455990508198738,
    "maxjpe": 0.16894866526126862,
    "mpjpe_pct_extent": 3.12291845424011,
    "gt_dyn_std": 0.016500866040587425,
    "pred_dyn_std": 0.016895262524485588,
    "dyn_ratio": 1.0239015626772594,
    "gt_vel": 0.0036792762111872435,
    "pred_vel": 0.0036752258893102407,
    "vel_ratio": 0.9988991525385652,
    "extent": 1.747080683708191,
    "fk_selfcheck_maxerr": 3.5762786865234375e-07,
    "group": "seen",
    "species": "Trex"
  },
  "Cat_unseen": {
    "W": 48,
    "Jv": 44,
    "mpjpe": 0.038833148777484894,
    "maxjpe": 0.1456100195646286,
    "mpjpe_pct_extent": 2.3422613413131477,
    "gt_dyn_std": 0.024654926732182503,
    "pred_dyn_std": 0.02378121018409729,
    "dyn_ratio": 0.9645621924747099,
    "gt_vel": 0.005680129397660494,
    "pred_vel": 0.005480456165969372,
    "vel_ratio": 0.9648470628550535,
    "extent": 1.6579340696334839,
    "fk_selfcheck_maxerr": 2.980232238769531e-07,
    "group": "unseen",
    "species": "Cat"
  },
  "Spider_unseen": {
    "W": 48,
    "Jv": 71,
    "mpjpe": 0.09114150702953339,
    "maxjpe": 0.5532558560371399,
    "mpjpe_pct_extent": 3.4588772920960382,
    "gt_dyn_std": 0.0587097592651844,
    "pred_dyn_std": 0.04886574298143387,
    "dyn_ratio": 0.8323274289154144,
    "gt_vel": 0.02147037163376808,
    "pred_vel": 0.015710772946476936,
    "vel_ratio": 0.7317420124096693,
    "extent": 2.635002613067627,
    "fk_selfcheck_maxerr": 2.384185791015625e-07,
    "group": "unseen",
    "species": "Spider"
  },
  "Goat_unseen": {
    "W": 48,
    "Jv": 33,
    "mpjpe": 0.08972466737031937,
    "maxjpe": 0.2964002192020416,
    "mpjpe_pct_extent": 4.819288231657233,
    "gt_dyn_std": 0.05586574599146843,
    "pred_dyn_std": 0.059565670788288116,
    "dyn_ratio": 1.0662288622689247,
    "gt_vel": 0.022656897082924843,
    "pred_vel": 0.023447953164577484,
    "vel_ratio": 1.0349145815844665,
    "extent": 1.8617825508117676,
    "fk_selfcheck_maxerr": 1.7881393432617188e-07,
    "group": "unseen",
    "species": "Goat"
  }
}